prefcode,prefname,citycode,cityname,address
01,kC,01101,,kCDys
01,kC,01102,k,kCDysk
01,kC,01103,,kCDys
01,kC,01104,΋,kCDys΋
01,kC,01105,L,kCDysL
01,kC,01106,,kCDys
01,kC,01107,,kCDys
01,kC,01108,ʋ,kCDysʋ
01,kC,01109,,kCDys
01,kC,01110,c,kCDysc
01,kC,01202,َs,kCَs
01,kC,01203,Ms,kCMs
01,kC,01204,s,kCs
01,kC,01205,s,kCs
01,kC,01206,Hs,kCHs
01,kC,01207,эLs,kCэLs
01,kC,01208,ks,kCks
01,kC,01209,[s,kC[s
01,kC,01210,〈s,kC〈s
01,kC,01211,ԑs,kCԑs
01,kC,01212,Gs,kCGs
01,kC,01213,Ϗqs,kCϏqs
01,kC,01214,ts,kCts
01,kC,01215,Ss,kCSs
01,kC,01216,ʎs,kCʎs
01,kC,01217,]ʎs,kC]ʎs
01,kC,01218,ԕs,kCԕs
01,kC,01219,ʎs,kCʎs
01,kC,01220,mʎs,kCmʎs
01,kC,01221,s,kCs
01,kC,01222,O}s,kCO}s
01,kC,01223,s,kCs
01,kC,01224,Ύs,kCΎs
01,kC,01225,s,kCs
01,kC,01226,s,kCs
01,kC,01227,̎us,kC̎us
01,kC,01228,[s,kC[s
01,kC,01229,xǖs,kCxǖs
01,kC,01230,oʎs,kCoʎs
01,kC,01231,bs,kCbs
01,kC,01233,ɒBs,kCɒBs
01,kC,01234,kLs,kCkLs
01,kC,01235,Ύs,kCΎs
01,kC,01236,kls,kCkls
01,kC,01303,ʒ,kCΎSʒ
01,kC,01304,VÑ,kCΎSVÑ
01,kC,01331,O,kCOSO
01,kC,01332,,kCOS
01,kC,01333,m,kCSm
01,kC,01334,،Ó,kCS،Ó
01,kC,01337,ђ,kCTcSђ
01,kC,01343,,kCS
01,kC,01345,X,kCSX
01,kC,01346,_,kCCS_
01,kC,01347,,kCRzS
01,kC,01361,],kCwRS]
01,kC,01362,m,kCwRSm
01,kC,01363,򕔒,kCwRS򕔒
01,kC,01364,,kCuS
01,kC,01367,K,kCKSK
01,kC,01370,,kCIS
01,kC,01371,Ȓ,kCvSȒ
01,kC,01391,q,kCqSq
01,kC,01392,s,kCsSs
01,kC,01393,,kCsS
01,kC,01394,z,kCJSz
01,kC,01395,jZR,kCcSjZR
01,kC,01396,^둺,kCcS^둺
01,kC,01397,s,kCcSs
01,kC,01398,Εʒ,kCcSΕʒ
01,kC,01399,ɒ,kCcSɒ
01,kC,01400,m,kCcSm
01,kC,01401,a,kCSa
01,kC,01402,,kCS
01,kC,01403,,kCÉFS
01,kC,01404,_b,kCÉFS_b
01,kC,01405,ϒO,kCϒOSϒO
01,kC,01406,Õ,kCÕSÕ
01,kC,01407,mؒ,kC]sSmؒ
01,kC,01408,]s,kC]sS]s
01,kC,01409,Ԉ쑺,kC]sSԈ쑺
01,kC,01423,y,kCmSy
01,kC,01424,ވ],kCmSވ]
01,kC,01425,㍻쒬,kCmS㍻쒬
01,kC,01427,Rm,kC[SRm
01,kC,01428,,kC[S
01,kC,01429,IR,kC[SIR
01,kC,01430,`,kCˌS`
01,kC,01431,YP,kCˌSYP
01,kC,01432,V\Ð쒬,kCˌSV\Ð쒬
01,kC,01433,w,kCJSw
01,kC,01434,ʒ,kCJSʒ
01,kC,01436,J,kCJSJ
01,kC,01437,k,kCJSk
01,kC,01438,c,kCJSc
01,kC,01452,鐲,kCS鐲
01,kC,01453,_y,kCS_y
01,kC,01454,,kCS
01,kC,01455,z,kCSz
01,kC,01456,ʒ,kCSʒ
01,kC,01457,쒬,kCS쒬
01,kC,01458,쒬,kCS쒬
01,kC,01459,l,kCSl
01,kC,01460,xǖ쒬,kCmSxǖ쒬
01,kC,01461,xǖ쒬,kCmSxǖ쒬
01,kC,01462,xǖ쒬,kCmSxǖ쒬
01,kC,01463,芥,kCES芥
01,kC,01464,a,kCSa
01,kC,01465,,kCS
01,kC,01468,쒬,kCS쒬
01,kC,01469,[,kCS[
01,kC,01470,Ўq{,kCSЎq{
01,kC,01471,쒬,kCS쒬
01,kC,01472,y,kCJSy
01,kC,01481,ђ,kCьSђ
01,kC,01482,,kCGS
01,kC,01483,ϑO,kCϑOSϑO
01,kC,01484,Hy,kCϑOSHy
01,kC,01485,Rʑ,kCϑOSRʑ
01,kC,01486,ʒ,kCVSʒ
01,kC,01487,V,kCVSV
01,kC,01511,,kC@JS
01,kC,01512,lڕʒ,kC}KSlڕʒ
01,kC,01513,ڕʒ,kC}KSڕʒ
01,kC,01514,}K,kC}KS}K
01,kC,01516,Lx,kCVSLx
01,kC,01517,當,kC當S當
01,kC,01518,K,kCKSK
01,kC,01519,Kxm,kCKSKxm
01,kC,01520,y,kCVSy
01,kC,01543,y,kCԑSy
01,kC,01544,Õʒ,kCԑSÕʒ
01,kC,01545,Η,kCΗSΗ
01,kC,01546,,kCΗS
01,kC,01547,,kCΗS
01,kC,01549,Pq{,kCCSPq{
01,kC,01550,u˒,kCCSu˒
01,kC,01552,CԒ,kCCSCԒ
01,kC,01555,y,kCʌSy
01,kC,01559,Nʒ,kCʌSNʒ
01,kC,01560,㒬,kCʌS㒬
01,kC,01561,,kCʌS
01,kC,01562,,kCʌS
01,kC,01563,Y,kCʌSY
01,kC,01564,,kCԑS
01,kC,01571,LY,kCcSLY
01,kC,01575,s˒,kCLSs˒
01,kC,01578,V,kCVSV
01,kC,01581,^,kCES^
01,kC,01584,Β,kCcSΒ
01,kC,01585,,kCES
01,kC,01586,ނ풬,kCESނ풬
01,kC,01601,,kCS
01,kC,01602,撬,kCS撬
01,kC,01604,V,kCVSV
01,kC,01607,Y͒,kCY͌SY͒
01,kC,01608,l,kClSl
01,kC,01609,,kCyS
01,kC,01610,VЂ,kCSVЂ
01,kC,01631,X,kC͓SX
01,kC,01632,my,kC͓Smy
01,kC,01633,my,kC͓Smy
01,kC,01634,ǒ,kC͓Sǒ
01,kC,01635,V,kCSV
01,kC,01636,,kCS
01,kC,01637,莺,kC͐S莺
01,kC,01638,D,kC͐SD
01,kC,01639,Xʑ,kC͐SXʑ
01,kC,01641,,kCLS
01,kC,01642,L,kCLSL
01,kC,01643,ʒ,kCSʒ
01,kC,01644,rc,kCSrc
01,kC,01645,L,kCSL
01,kC,01646,{ʒ,kCS{ʒ
01,kC,01647,,kCS
01,kC,01648,ʒ,kCSʒ
01,kC,01649,Yy,kC\SYy
01,kC,01661,H,kCHSH
01,kC,01662,ݒ,kC݌Sݒ
01,kC,01663,l,kC݌Sl
01,kC,01664,W,kCSW
01,kC,01665,q,kCSq
01,kC,01667,ߋ,kCSߋ
01,kC,01668,f,kCfSf
01,kC,01691,ʊC,kCtSʊC
01,kC,01692,WÒ,kCWÌSWÒ
01,kC,01693,WÒ,kCWÌSWÒ
01,kC,01694,P,kCڗSP
02,X,02201,Xs,XXs
02,X,02202,OOs,XOOs
02,X,02203,ˎs,Xˎs
02,X,02204,Ύs,XΎs
02,X,02205,܏쌴s,X܏쌴s
02,X,02206,\acs,X\acs
02,X,02207,Os,XOs
02,X,02208,ނs,Xނs
02,X,02209,s,Xs
02,X,02210,s,Xs
02,X,02301,,XÌyS
02,X,02303,ʒ,XÌySʒ
02,X,02304,Hc,XÌySHc
02,X,02307,Ol,XÌySOl
02,X,02321,˃,XÌyS˃
02,X,02323,[Y,XÌyS[Y
02,X,02343,ډ,XÌySډ
02,X,02361,蒬,XÌyS蒬
02,X,02362,k,XÌySk
02,X,02367,cɊّ,XÌyScɊّ
02,X,02381,,XkÌyS
02,X,02384,ߓc,XkÌySߓc
02,X,02387,,XkÌyS
02,X,02401,Ӓn,XkSӒn
02,X,02402,˒,XkS˒
02,X,02405,Z˒,XkSZ˒
02,X,02406,l,XkSl
02,X,02408,k,XkSk
02,X,02411,Z,XkSZ
02,X,02412,点,XkS点
02,X,02423,Ԓ,XkSԒ
02,X,02424,ʑ,XkSʑ
02,X,02425,ԉY,XkSԉY
02,X,02426,䑺,XkS䑺
02,X,02441,O˒,XOˌSO˒
02,X,02442,܌˒,XOˌS܌˒
02,X,02443,cq,XOˌScq
02,X,02445,암,XOˌS암
02,X,02446,K㒬,XOˌSK㒬
02,X,02450,V,XOˌSV
03,茧,03201,s,茧s
03,茧,03202,{Îs,茧{Îs
03,茧,03203,Dns,茧Dns
03,茧,03205,Ԋs,茧Ԋs
03,茧,03206,ks,茧ks
03,茧,03207,vs,茧vs
03,茧,03208,s,茧s
03,茧,03209,֎s,茧֎s
03,茧,03210,Ocs,茧Ocs
03,茧,03211,Ύs,茧Ύs
03,茧,03213,ˎs,茧ˎs
03,茧,03214,s,茧s
03,茧,03215,Bs,茧Bs
03,茧,03216,s,茧s
03,茧,03301,Β,茧SΒ
03,茧,03302,,茧S
03,茧,03303,蒬,茧S蒬
03,茧,03321,g,茧gSg
03,茧,03322,В,茧gSВ
03,茧,03366,a꒬,茧aSa꒬
03,茧,03381,P蒬,茧_SP蒬
03,茧,03402,,茧ֈS
03,茧,03441,Zc,茧CSZc
03,茧,03461,ƒ,茧ɌSƒ
03,茧,03482,Rc,茧ɌSRc
03,茧,03483,,茧ɌS
03,茧,03484,c씨,茧ɌSc씨
03,茧,03485,㑺,茧ɌS㑺
03,茧,03501,yĒ,茧ˌSyĒ
03,茧,03503,c,茧ˌSc
03,茧,03506,ˑ,茧ˌSˑ
03,茧,03507,m쒬,茧ˌSm쒬
03,茧,03524,˒,茧ˌS˒
04,{錧,04101,t,{錧st
04,{錧,04102,{,{錧s{
04,{錧,04103,ы,{錧sы
04,{錧,04104,,{錧s
04,{錧,04105,,{錧s
04,{錧,04202,Ίs,{錧Ίs
04,{錧,04203,}s,{錧}s
04,{錧,04205,Cs,{錧Cs
04,{錧,04206,Ύs,{錧Ύs
04,{錧,04207,s,{錧s
04,{錧,04208,pcs,{錧pcs
04,{錧,04209,s,{錧s
04,{錧,04211,s,{錧s
04,{錧,04212,oĎs,{錧oĎs
04,{錧,04213,Is,{錧Is
04,{錧,04214,s,{錧s
04,{錧,04215,s,{錧s
04,{錧,04216,xJs,{錧xJs
04,{錧,04301,,{錧cS
04,{錧,04302,h,{錧cSh
04,{錧,04321,͌,{錧ēcS͌
04,{錧,04322,c,{錧ēcSc
04,{錧,04323,ēc,{錧ēcSēc
04,{錧,04324,蒬,{錧ēcS蒬
04,{錧,04341,ېX,{錧ɋSېX
04,{錧,04361,j,{錧jSj
04,{錧,04362,R,{錧jSR
04,{錧,04401,,{錧{S
04,{錧,04404,l,{錧{Sl
04,{錧,04406,{,{錧{S{
04,{錧,04421,a,{錧Sa
04,{錧,04422,勽,{錧S勽
04,{錧,04423,xJ,{錧SxJ
04,{錧,04424,t,{錧St
04,{錧,04444,F,{錧SF
04,{錧,04445,,{錧S
04,{錧,04501,OJ,{錧cSOJ
04,{錧,04505,,{錧cS
04,{錧,04581,쒬,{錧S쒬
04,{錧,04606,O,{錧{gSO
05,Hc,05201,Hcs,HcHcs
05,Hc,05202,\s,Hc\s
05,Hc,05203,s,Hcs
05,Hc,05204,َs,Hcَs
05,Hc,05206,js,Hcjs
05,Hc,05207,s,Hcs
05,Hc,05209,ps,Hcps
05,Hc,05210,R{s,HcR{s
05,Hc,05211,s,Hcs
05,Hc,05212,s,Hcs
05,Hc,05213,kHcs,HckHcs
05,Hc,05214,ɂَs,Hcɂَs
05,Hc,05215,ks,Hcks
05,Hc,05303,⒬,HcpS⒬
05,Hc,05327,㏬m,HckHcS㏬m
05,Hc,05346,,HcR{S
05,Hc,05348,O풬,HcR{SO풬
05,Hc,05349,,HcR{S
05,Hc,05361,܏ڒ,HcHcS܏ڒ
05,Hc,05363,Y,HcHcSY
05,Hc,05366,쒬,HcHcS쒬
05,Hc,05368,劃,HcHcS劃
05,Hc,05434,,HckS
05,Hc,05463,H㒬,HcYSH㒬
05,Hc,05464,,HcYS
06,R`,06201,R`s,R`R`s
06,R`,06202,đs,R`đs
06,R`,06203,߉s,R`߉s
06,R`,06204,cs,R`cs
06,R`,06205,Vs,R`Vs
06,R`,06206,͍]s,R`͍]s
06,R`,06207,Rs,R`Rs
06,R`,06208,Rs,R`Rs
06,R`,06209,s,R`s
06,R`,06210,Vs,R`Vs
06,R`,06211,s,R`s
06,R`,06212,ԑs,R`ԑs
06,R`,06213,zs,R`zs
06,R`,06301,RӒ,R`RSRӒ
06,R`,06302,R,R`RSR
06,R`,06321,͖k,R`RS͖k
06,R`,06322,쒬,R`RS쒬
06,R`,06323,,R`RS
06,R`,06324,],R`RS]
06,R`,06341,Γc,R`kRSΓc
06,R`,06361,R,R`ŏSR
06,R`,06362,ŏ㒬,R`ŏSŏ㒬
06,R`,06363,M`,R`ŏSM`
06,R`,06364,^쒬,R`ŏS^쒬
06,R`,06365,呠,R`ŏS呠
06,R`,06366,쑺,R`ŏS쑺
06,R`,06367,ˑ,R`ŏSˑ
06,R`,06381,,R`uS
06,R`,06382,쐼,R`uS쐼
06,R`,06401,,R`uS
06,R`,06402,钬,R`uS钬
06,R`,06403,іL,R`uSіL
06,R`,06426,O쒬,R`cSO쒬
06,R`,06428,,R`cS
06,R`,06461,V,R`OCSV
07,,07201,s,s
07,,07202,Îᏼs,Îᏼs
07,,07203,SRs,SRs
07,,07204,킫s,킫s
07,,07205,͎s,͎s
07,,07207,{s,{s
07,,07208,쑽s,쑽s
07,,07209,ns,ns
07,,07210,{s,{s
07,,07211,cs,cs
07,,07212,쑊ns,쑊ns
07,,07213,ɒBs,ɒBs
07,,07214,{{s,{{s
07,,07301,Kܒ,ɒBSKܒ
07,,07303,,ɒBS
07,,07308,얓,ɒBS얓
07,,07322,ʑ,BSʑ
07,,07342,Β,␣SΒ
07,,07344,Vh,␣SVh
07,,07362,,ÌS
07,,07364,w},ÌSw}
07,,07367,,ÌS
07,,07368,Ò,ÌSÒ
07,,07402,k,떃Sk
07,,07405,Ò,떃SÒ
07,,07407,֒,떃S֒
07,,07408,c㒬,떃Sc㒬
07,,07421,Í≺,͏SÍ≺
07,,07422,쑺,͏S쑺
07,,07423,Ò,͏SÒ
07,,07444,O,SO
07,,07445,R,SR
07,,07446,a,Sa
07,,07447,Ô,SÔ
07,,07461,,͌S
07,,07464,葺,͌S葺
07,,07465,,͌S
07,,07466,,͌S
07,,07481,Iq,SIq
07,,07482,Ւ,SՒ
07,,07483,,S
07,,07484,L쑺,SL쑺
07,,07501,ΐ쒬,ΐSΐ쒬
07,,07502,ʐ쑺,ΐSʐ쑺
07,,07503,c,ΐSc
07,,07504,쒬,ΐS쒬
07,,07505,Óa,ΐSÓa
07,,07521,Ot,cSOt
07,,07522,쒬,cS쒬
07,,07541,L쒬,otSL쒬
07,,07542,t,otSt
07,,07543,x,otSx
07,,07544,,otS
07,,07545,F,otSF
07,,07546,ot,otSot
07,,07547,Q],otSQ]
07,,07548,,otS
07,,07561,Vn,nSVn
07,,07564,ъڑ,nSъڑ
08,錧,08201,ˎs,錧ˎs
08,錧,08202,s,錧s
08,錧,08203,yYs,錧yYs
08,錧,08204,É͎s,錧É͎s
08,錧,08205,Ήs,錧Ήs
08,錧,08207,s,錧s
08,錧,08208,Ps,錧Ps
08,錧,08210,Ȏs,錧Ȏs
08,錧,08211,푍s,錧푍s
08,錧,08212,헤cs,錧헤cs
08,錧,08214,s,錧s
08,錧,08215,ks,錧ks
08,錧,08216,}Ԏs,錧}Ԏs
08,錧,08217,s,錧s
08,錧,08219,vs,錧vs
08,錧,08220,Ύs,錧Ύs
08,錧,08221,ЂȂs,錧ЂȂs
08,錧,08222,s,錧s
08,錧,08223,s,錧s
08,錧,08224,Js,錧Js
08,錧,08225,헤{s,錧헤{s
08,錧,08226,߉ώs,錧߉ώs
08,錧,08227,}s,錧}s
08,錧,08228,Ⓦs,錧Ⓦs
08,錧,08229,~s,錧~s
08,錧,08230,݂s,錧݂s
08,錧,08231,s,錧s
08,錧,08232,_s,錧_s
08,錧,08233,ss,錧ss
08,錧,08234,gcs,錧gcs
08,錧,08235,΂݂炢s,錧΂݂炢s
08,錧,08236,ʎs,錧ʎs
08,錧,08302,钬,錧S钬
08,錧,08309,,錧S
08,錧,08310,闢,錧S闢
08,錧,08341,C,錧߉όSC
08,錧,08364,q,錧vSq
08,錧,08442,Y,錧~SY
08,錧,08443,,錧~S
08,錧,08447,͓,錧~S͓
08,錧,08521,㒬,錧S㒬
08,錧,08542,܉,錧S܉
08,錧,08546,,錧S
08,錧,08564,,錧knS
09,Ȗ،,09201,Fs{s,Ȗ،Fs{s
09,Ȗ،,09202,s,Ȗ،s
09,Ȗ،,09203,Ȗ؎s,Ȗ،Ȗ؎s
09,Ȗ،,09204,s,Ȗ،s
09,Ȗ،,09205,s,Ȗ،s
09,Ȗ،,09206,s,Ȗ،s
09,Ȗ،,09208,Rs,Ȗ،Rs
09,Ȗ،,09209,^s,Ȗ،^s
09,Ȗ،,09210,cs,Ȗ،cs
09,Ȗ،,09211,s,Ȗ،s
09,Ȗ،,09213,ߐ{s,Ȗ،ߐ{s
09,Ȗ،,09214,s,Ȗ،s
09,Ȗ،,09215,ߐ{GRs,Ȗ،ߐ{GRs
09,Ȗ،,09216,s,Ȗ،s
09,Ȗ،,09301,O쒬,Ȗ،͓SO쒬
09,Ȗ،,09342,vq,Ȗ،FSvq
09,Ȗ،,09343,Ζؒ,Ȗ،FSΖؒ
09,Ȗ،,09344,sL,Ȗ،FSsL
09,Ȗ،,09345,F꒬,Ȗ،FSF꒬
09,Ȗ،,09361,p,Ȗ،sSp
09,Ȗ،,09364,ؒ,Ȗ،sSؒ
09,Ȗ،,09384,J,Ȗ،JSJ
09,Ȗ،,09386,,Ȗ،JS
09,Ȗ،,09407,ߐ{,Ȗ،ߐ{Sߐ{
09,Ȗ،,09411,߉ϐ쒬,Ȗ،ߐ{S߉ϐ쒬
10,Qn,10201,Os,QnOs
10,Qn,10202,s,Qns
10,Qn,10203,ːs,Qnːs
10,Qn,10204,ɐs,Qnɐs
10,Qn,10205,cs,Qncs
10,Qn,10206,cs,Qncs
10,Qn,10207,ٗюs,Qnٗюs
10,Qn,10208,as,Qnas
10,Qn,10209,s,Qns
10,Qn,10210,xs,Qnxs
10,Qn,10211,s,Qns
10,Qn,10212,݂ǂs,Qn݂ǂs
10,Qn,10344,Y,QnkQnSY
10,Qn,10345,g,QnkQnSg
10,Qn,10366,쑺,QnS쑺
10,Qn,10367,_,QnS_
10,Qn,10382,mc,QnÊySmc
10,Qn,10383,q,QnÊySq
10,Qn,10384,Êy,QnÊySÊy
10,Qn,10421,V,QnȌSV
10,Qn,10424,쌴,QnȌS쌴
10,Qn,10425,ڗ,QnȌSڗ
10,Qn,10426,Ò,QnȌSÒ
10,Qn,10428,R,QnȌSR
10,Qn,10429,Ȓ,QnȌSȒ
10,Qn,10443,Еi,QnSЕi
10,Qn,10444,ꑺ,QnSꑺ
10,Qn,10448,a,QnSa
10,Qn,10449,݂Ȃݒ,QnS݂Ȃݒ
10,Qn,10464,ʑ,QngSʑ
10,Qn,10521,q,QnWySq
10,Qn,10522,a,QnWySa
10,Qn,10523,c,QnWySc
10,Qn,10524,,QnWyS
10,Qn,10525,Wy,QnWySWy
11,ʌ,11101,,ʌ܎s
11,ʌ,11102,k,ʌ܎sk
11,ʌ,11103,{,ʌ܎s{
11,ʌ,11104,,ʌ܎s
11,ʌ,11105,,ʌ܎s
11,ʌ,11106,,ʌ܎s
11,ʌ,11107,Ya,ʌ܎sYa
11,ʌ,11108,,ʌ܎s
11,ʌ,11109,΋,ʌ܎s΋
11,ʌ,11110,΋,ʌ܎s΋
11,ʌ,11201,zs,ʌzs
11,ʌ,11202,FJs,ʌFJs
11,ʌ,11203,s,ʌs
11,ʌ,11206,scs,ʌscs
11,ʌ,11207,s,ʌs
11,ʌ,11208,s,ʌs
11,ʌ,11209,є\s,ʌє\s
11,ʌ,11210,{s,ʌ{s
11,ʌ,11211,{s,ʌ{s
11,ʌ,11212,Rs,ʌRs
11,ʌ,11214,ts,ʌts
11,ʌ,11215,Rs,ʌRs
11,ʌ,11216,Hs,ʌHs
11,ʌ,11217,s,ʌs
11,ʌ,11218,[Js,ʌ[Js
11,ʌ,11219,s,ʌs
11,ʌ,11221,s,ʌs
11,ʌ,11222,zJs,ʌzJs
11,ʌ,11223,ns,ʌns
11,ʌ,11224,˓cs,ʌ˓cs
11,ʌ,11225,Ԏs,ʌԎs
11,ʌ,11227,s,ʌs
11,ʌ,11228,u؎s,ʌu؎s
11,ʌ,11229,as,ʌas
11,ʌ,11230,Vs,ʌVs
11,ʌ,11231,s,ʌs
11,ʌ,11232,vs,ʌvs
11,ʌ,11233,k{s,ʌk{s
11,ʌ,11234,s,ʌs
11,ʌ,11235,xms,ʌxms
11,ʌ,11237,Os,ʌOs
11,ʌ,11238,@cs,ʌ@cs
11,ʌ,11239,ˎs,ʌˎs
11,ʌ,11240,Ks,ʌKs
11,ʌ,11241,߃s,ʌ߃s
11,ʌ,11242,s,ʌs
11,ʌ,11243,gs,ʌgs
11,ʌ,11245,ӂݖs,ʌӂݖs
11,ʌ,11246,s,ʌs
11,ʌ,11301,ɓޒ,ʌkSɓޒ
11,ʌ,11324,OF,ʌԌSOF
11,ʌ,11326,јCR,ʌԌSјCR
11,ʌ,11327,z,ʌԌSz
11,ʌ,11341,쒬,ʌS쒬
11,ʌ,11342,R,ʌSR
11,ʌ,11343,쒬,ʌS쒬
11,ʌ,11346,쓇,ʌS쓇
11,ʌ,11347,g,ʌSg
11,ʌ,11348,R,ʌSR
11,ʌ,11349,Ƃ풬,ʌSƂ풬
11,ʌ,11361,,ʌS
11,ʌ,11362,F쒬,ʌSF쒬
11,ʌ,11363,Ғ,ʌSҒ
11,ʌ,11365,쒬,ʌS쒬
11,ʌ,11369,,ʌS
11,ʌ,11381,,ʌʌS
11,ʌ,11383,_쒬,ʌʌS_쒬
11,ʌ,11385,㗢,ʌʌS㗢
11,ʌ,11408,񋏒,ʌ嗢S񋏒
11,ʌ,11442,{㒬,ʌʌS{㒬
11,ʌ,11464,˒,ʌkS˒
11,ʌ,11465,,ʌkS
12,t,12101,,tts
12,t,12102,Ԍ,ttsԌ
12,t,12103,ы,ttsы
12,t,12104,t,ttst
12,t,12105,΋,tts΋
12,t,12106,l,ttsl
12,t,12202,qs,tqs
12,t,12203,ss,tss
12,t,12204,Ds,tDs
12,t,12205,َRs,tَRs
12,t,12206,؍XÎs,t؍XÎs
12,t,12207,ˎs,tˎs
12,t,12208,cs,tcs
12,t,12210,Όs,tΌs
12,t,12211,cs,tcs
12,t,12212,qs,tqs
12,t,12213,s,ts
12,t,12215,s,ts
12,t,12216,Kus,tKus
12,t,12217,s,ts
12,t,12218,Ys,tYs
12,t,12219,ss,tss
12,t,12220,Rs,tRs
12,t,12221,s,ts
12,t,12222,䑷qs,t䑷qs
12,t,12223,s,ts
12,t,12224,PJs,tPJs
12,t,12225,NÎs,tNÎs
12,t,12226,xÎs,txÎs
12,t,12227,Ys,tYs
12,t,12228,lXs,tlXs
12,t,12229,PYs,tPYs
12,t,12230,Xs,tXs
12,t,12231,󐼎s,t󐼎s
12,t,12232,s,ts
12,t,12233,xs,txs
12,t,12234,[s,t[s
12,t,12235,xs,txs
12,t,12236,s,ts
12,t,12237,Rs,tRs
12,t,12238,ݎs,tݎs
12,t,12239,Ԕs,tԔs
12,t,12322,X䒬,t׌SX䒬
12,t,12329,h,t׌Sh
12,t,12342,_蒬,tS_蒬
12,t,12347,Ò,tSÒ
12,t,12349,,tS
12,t,12403,\㗢,tRS\㗢
12,t,12409,ŎR,tRSŎR
12,t,12410,Ō,tRSŌ
12,t,12421,{,tS{
12,t,12422,r,tSr
12,t,12423,,tS
12,t,12424,q,tSq
12,t,12426,,tS
12,t,12427,쒬,tS쒬
12,t,12441,命쒬,t΋S命쒬
12,t,12443,h,t΋Sh
12,t,12463,쒬,t[S쒬
13,s,13101,c,sc
13,s,13102,,s
13,s,13103,`,s`
13,s,13104,Vh,sVh
13,s,13105,,s
13,s,13106,䓌,s䓌
13,s,13107,nc,snc
13,s,13108,],s]
13,s,13109,i,si
13,s,13110,ڍ,sڍ
13,s,13111,c,sc
13,s,13112,cJ,scJ
13,s,13113,aJ,saJ
13,s,13114,,s
13,s,13115,,s
13,s,13116,L,sL
13,s,13117,k,sk
13,s,13118,r,sr
13,s,13119,,s
13,s,13120,n,sn
13,s,13121,,s
13,s,13122,,s
13,s,13123,]ː,s]ː
13,s,13201,qs,sqs
13,s,13202,s,ss
13,s,13203,s,ss
13,s,13204,Os,sOs
13,s,13205,~s,s~s
13,s,13206,{s,s{s
13,s,13207,s,ss
13,s,13208,zs,szs
13,s,13209,cs,scs
13,s,13210,s,ss
13,s,13211,s,ss
13,s,13212,s,ss
13,s,13213,Rs,sRs
13,s,13214,s,ss
13,s,13215,s,ss
13,s,13218,s,ss
13,s,13219,]s,s]s
13,s,13220,as,sas
13,s,13221,s,ss
13,s,13222,vĎs,svĎs
13,s,13223,Rs,sRs
13,s,13224,s,ss
13,s,13225,s,ss
13,s,13227,Hs,sHs
13,s,13228,s,ss
13,s,13229,s,ss
13,s,13303,䒬,sS䒬
13,s,13305,̏o,sS̏o
13,s,13307,w,sSw
13,s,13308,,sS
13,s,13361,哇,s哇
13,s,13362,,s
13,s,13363,V,sV
13,s,13364,_Ó,s_Ó
13,s,13381,O,sOO
13,s,13382,䑠,s䑠
13,s,13401,䒬,s䓇䒬
13,s,13402,,s
13,s,13421,},s}
14,_ސ쌧,14101,ߌ,_ސ쌧lsߌ
14,_ސ쌧,14102,_ސ,_ސ쌧ls_ސ
14,_ސ쌧,14103,,_ސ쌧ls
14,_ސ쌧,14104,,_ސ쌧ls
14,_ސ쌧,14105,,_ސ쌧ls
14,_ސ쌧,14106,ۓyPJ,_ސ쌧lsۓyPJ
14,_ސ쌧,14107,q,_ސ쌧lsq
14,_ސ쌧,14108,,_ސ쌧ls
14,_ސ쌧,14109,`k,_ސ쌧ls`k
14,_ސ쌧,14110,˒ˋ,_ސ쌧ls˒ˋ
14,_ސ쌧,14111,`,_ސ쌧ls`
14,_ސ쌧,14112,,_ސ쌧ls
14,_ސ쌧,14113,΋,_ސ쌧ls΋
14,_ސ쌧,14114,J,_ސ쌧lsJ
14,_ސ쌧,14115,h,_ސ쌧lsh
14,_ސ쌧,14116,,_ސ쌧ls
14,_ސ쌧,14117,t,_ސ쌧lst
14,_ސ쌧,14118,s},_ސ쌧lss}
14,_ސ쌧,14131,,_ސ쌧s
14,_ސ쌧,14132,K,_ސ쌧sK
14,_ސ쌧,14133,,_ސ쌧s
14,_ސ쌧,14134,Ë,_ސ쌧sË
14,_ސ쌧,14135,,_ސ쌧s
14,_ސ쌧,14136,{O,_ސ쌧s{O
14,_ސ쌧,14137,,_ސ쌧s
14,_ސ쌧,14151,΋,_ސ쌧͌s΋
14,_ސ쌧,14152,,_ސ쌧͌s
14,_ސ쌧,14153,,_ސ쌧͌s
14,_ސ쌧,14201,{s,_ސ쌧{s
14,_ސ쌧,14203,ˎs,_ސ쌧ˎs
14,_ސ쌧,14204,qs,_ސ쌧qs
14,_ސ쌧,14205,s,_ސ쌧s
14,_ސ쌧,14206,cs,_ސ쌧cs
14,_ސ쌧,14207,s,_ސ쌧s
14,_ސ쌧,14208,qs,_ސ쌧qs
14,_ސ쌧,14210,OYs,_ސ쌧OYs
14,_ސ쌧,14211,`s,_ސ쌧`s
14,_ސ쌧,14212,؎s,_ސ쌧؎s
14,_ސ쌧,14213,as,_ސ쌧as
14,_ސ쌧,14214,ɐs,_ސ쌧ɐs
14,_ސ쌧,14215,CVs,_ސ쌧CVs
14,_ސ쌧,14216,Ԏs,_ސ쌧Ԏs
14,_ސ쌧,14217,쑫s,_ސ쌧쑫s
14,_ސ쌧,14218,s,_ސ쌧s
14,_ސ쌧,14301,tR,_ސ쌧OYStR
14,_ސ쌧,14321,쒬,_ސ쌧S쒬
14,_ސ쌧,14341,钬,_ސ쌧S钬
14,_ސ쌧,14342,{,_ސ쌧S{
14,_ސ쌧,14361,䒬,_ސ쌧S䒬
14,_ސ쌧,14362,䒬,_ސ쌧S䒬
14,_ސ쌧,14363,c,_ސ쌧Sc
14,_ސ쌧,14364,Rk,_ސ쌧SRk
14,_ސ쌧,14366,J,_ސ쌧SJ
14,_ސ쌧,14382,,_ސ쌧S
14,_ސ쌧,14383,^ߒ,_ސ쌧S^ߒ
14,_ސ쌧,14384,͌,_ސ쌧S͌
14,_ސ쌧,14401,쒬,_ސ쌧bS쒬
14,_ސ쌧,14402,쑺,_ސ쌧bS쑺
15,V,15101,k,VVsk
15,V,15102,,VVs
15,V,15103,,VVs
15,V,15104,],VVs]
15,V,15105,Ht,VVsHt
15,V,15106,,VVs
15,V,15107,,VVs
15,V,15108,,VVs
15,V,15202,s,Vs
15,V,15204,Os,VOs
15,V,15205,s,Vs
15,V,15206,Vcs,VVcs
15,V,15208,Js,VJs
15,V,15209,Ύs,VΎs
15,V,15210,\s,V\s
15,V,15211,s,Vs
15,V,15212,s,Vs
15,V,15213,s,Vs
15,V,15216,s,Vs
15,V,15217,s,Vs
15,V,15218,ܐs,Vܐs
15,V,15222,zs,Vzs
15,V,15223,s,Vs
15,V,15224,ns,Vns
15,V,15225,s,Vs
15,V,15226,싛s,V싛s
15,V,15227,ٓs,Vٓs
15,V,15307,Ē,VkSĒ
15,V,15342,F,VSF
15,V,15361,c㒬,V슗Sc㒬
15,V,15385,꒬,VS꒬
15,V,15405,o_蒬,VOSo_蒬
15,V,15461,,V싛S
15,V,15482,Ó쒬,VSÓ쒬
15,V,15504,H,VHSH
15,V,15581,֐쑺,VDS֐쑺
15,V,15586,Y,VDSY
16,xR,16201,xRs,xRxRs
16,xR,16202,s,xRs
16,xR,16204,Îs,xRÎs
16,xR,16205,Xs,xRXs
16,xR,16206,s,xRs
16,xR,16207,s,xRs
16,xR,16208,vgs,xRvgs
16,xR,16209,s,xRs
16,xR,16210,vs,xRvs
16,xR,16211,ːs,xRːs
16,xR,16321,M,xRVSM
16,xR,16322,s,xRVSs
16,xR,16323,R,xRVSR
16,xR,16342,P,xRVSP
16,xR,16343,,xRVS
17,ΐ쌧,17201,s,ΐ쌧s
17,ΐ쌧,17202,s,ΐ쌧s
17,ΐ쌧,17203,s,ΐ쌧s
17,ΐ쌧,17204,֓s,ΐ쌧֓s
17,ΐ쌧,17205,Fs,ΐ쌧Fs
17,ΐ쌧,17206,s,ΐ쌧s
17,ΐ쌧,17207,Hs,ΐ쌧Hs
17,ΐ쌧,17209,قs,ΐ쌧قs
17,ΐ쌧,17210,Rs,ΐ쌧Rs
17,ΐ쌧,17211,\s,ΐ쌧\s
17,ΐ쌧,17212,Xss,ΐ쌧Xss
17,ΐ쌧,17324,k,ΐ쌧\Sk
17,ΐ쌧,17361,Ô,ΐ쌧͖kSÔ
17,ΐ쌧,17365,咬,ΐ쌧͖kS咬
17,ΐ쌧,17384,u꒬,ΐ쌧HSu꒬
17,ΐ쌧,17386,Bu,ΐ쌧HSBu
17,ΐ쌧,17407,\o,ΐ쌧S\o
17,ΐ쌧,17461,,ΐ쌧PS
17,ΐ쌧,17463,\o,ΐ쌧PS\o
18,䌧,18201,s,䌧s
18,䌧,18202,։s,䌧։s
18,䌧,18204,ls,䌧ls
18,䌧,18205,s,䌧s
18,䌧,18206,Rs,䌧Rs
18,䌧,18207,I]s,䌧I]s
18,䌧,18208,s,䌧s
18,䌧,18209,zOs,䌧zOs
18,䌧,18210,s,䌧s
18,䌧,18322,i,䌧gcSi
18,䌧,18382,rc,䌧Src
18,䌧,18404,zO,䌧SzO
18,䌧,18423,zO,䌧OSzO
18,䌧,18442,l,䌧OSl
18,䌧,18481,l,䌧ьSl
18,䌧,18483,,䌧ьS
18,䌧,18501,ዷ,䌧O㒆Sዷ
19,R,19201,b{s,Rb{s
19,R,19202,xmgcs,Rxmgcs
19,R,19204,ss,Rss
19,R,19205,Rs,RRs
19,R,19206,匎s,R匎s
19,R,19207,Bs,RBs
19,R,19208,AvXs,RAvXs
19,R,19209,kms,Rkms
19,R,19210,bs,Rbs
19,R,19211,Js,RJs
19,R,19212,쌴s,R쌴s
19,R,19213,bBs,RbBs
19,R,19214,s,Rs
19,R,19346,sO,RSsO
19,R,19364,쒬,R싐S쒬
19,R,19365,g,R싐Sg
19,R,19366,암,R싐S암
19,R,19368,xm쒬,R싐Sxm쒬
19,R,19384,a,RSa
19,R,19422,u,RsSu
19,R,19423,j,RsSj
19,R,19424,E쑺,RsSE쑺
19,R,19425,RΑ,RsSRΑ
19,R,19429,,RsS
19,R,19430,xm͌Β,RsSxm͌Β
19,R,19442,,RksS
19,R,19443,OgR,RksSOgR
20,쌧,20201,s,쌧s
20,쌧,20202,{s,쌧{s
20,쌧,20203,cs,쌧cs
20,쌧,20204,Js,쌧Js
20,쌧,20205,ѓcs,쌧ѓcs
20,쌧,20206,zKs,쌧zKs
20,쌧,20207,{s,쌧{s
20,쌧,20208,s,쌧s
20,쌧,20209,ɓߎs,쌧ɓߎs
20,쌧,20210,s,쌧s
20,쌧,20211,s,쌧s
20,쌧,20212,咬s,쌧咬s
20,쌧,20213,юRs,쌧юRs
20,쌧,20214,s,쌧s
20,쌧,20215,Ks,쌧Ks
20,쌧,20217,vs,쌧vs
20,쌧,20218,Ȏs,쌧Ȏs
20,쌧,20219,s,쌧s
20,쌧,20220,ܖs,쌧ܖs
20,쌧,20303,C,쌧썲vSC
20,쌧,20304,㑺,쌧썲vS㑺
20,쌧,20305,q,쌧썲vSq
20,쌧,20306,쑊ؑ,쌧썲vS쑊ؑ
20,쌧,20307,kؑ,쌧썲vSkؑ
20,쌧,20309,v䒬,쌧썲vSv䒬
20,쌧,20321,y,쌧kvSy
20,쌧,20323,c,쌧kvSc
20,쌧,20324,Ȓ,쌧kvSȒ
20,쌧,20349,ؑ,쌧Sؑ
20,쌧,20350,a,쌧Sa
20,쌧,20361,zK,쌧zKSzK
20,쌧,20362,xm,쌧zKSxm
20,쌧,20363,,쌧zKS
20,쌧,20382,C쒬,쌧ɓߌSC쒬
20,쌧,20383,֒,쌧ɓߌS֒
20,쌧,20384,ѓ,쌧ɓߌSѓ
20,쌧,20385,얥֑,쌧ɓߌS얥֑
20,쌧,20386,쑺,쌧ɓߌS쑺
20,쌧,20388,{c,쌧ɓߌS{c
20,쌧,20402,쒬,쌧ɓߌS쒬
20,쌧,20403,X,쌧ɓߌSX
20,쌧,20404,쒬,쌧ɓߌS쒬
20,쌧,20407,q,쌧ɓߌSq
20,쌧,20409,J,쌧ɓߌSJ
20,쌧,20410,H,쌧ɓߌSH
20,쌧,20411,,쌧ɓߌS
20,쌧,20412,ؑ,쌧ɓߌSؑ
20,쌧,20413,V,쌧ɓߌSV
20,쌧,20414,ו,쌧ɓߌSו
20,쌧,20415,ؑ,쌧ɓߌSؑ
20,쌧,20416,Lu,쌧ɓߌSLu
20,쌧,20417,厭,쌧ɓߌS厭
20,쌧,20422,㏼,쌧ؑ]S㏼
20,쌧,20423,ؑ],쌧ؑ]Sؑ]
20,쌧,20425,ؑc,쌧ؑ]Sؑc
20,쌧,20429,ꑺ,쌧ؑ]Sꑺ
20,쌧,20430,K,쌧ؑ]SK
20,쌧,20432,ؑ],쌧ؑ]Sؑ]
20,쌧,20446,ё,쌧}Sё
20,쌧,20448,⑺,쌧}S⑺
20,쌧,20450,R`,쌧}SR`
20,쌧,20451,,쌧}S
20,쌧,20452,}k,쌧}S}k
20,쌧,20481,rc,쌧k܌Src
20,쌧,20482,쑺,쌧k܌S쑺
20,쌧,20485,n,쌧k܌Sn
20,쌧,20486,J,쌧k܌SJ
20,쌧,20521,钬,쌧ȌS钬
20,쌧,20541,z{,쌧㍂Sz{
20,쌧,20543,R,쌧㍂SR
20,쌧,20561,Rm,쌧SRm
20,쌧,20562,ؓ,쌧Sؓ
20,쌧,20563,򉷐,쌧S򉷐
20,쌧,20583,MZ,쌧㐅SMZ
20,쌧,20588,쑺,쌧㐅S쑺
20,쌧,20590,эj,쌧㐅Sэj
20,쌧,20602,h,쌧Sh
21,򕌌,21201,򕌎s,򕌌򕌎s
21,򕌌,21202,_s,򕌌_s
21,򕌌,21203,Rs,򕌌Rs
21,򕌌,21204,s,򕌌s
21,򕌌,21205,֎s,򕌌֎s
21,򕌌,21206,Ðs,򕌌Ðs
21,򕌌,21207,Zs,򕌌Zs
21,򕌌,21208,Qs,򕌌Qs
21,򕌌,21209,Hs,򕌌Hs
21,򕌌,21210,bߎs,򕌌bߎs
21,򕌌,21211,ZΎs,򕌌ZΎs
21,򕌌,21212,ys,򕌌ys
21,򕌌,21213,es,򕌌es
21,򕌌,21214,s,򕌌s
21,򕌌,21215,Rs,򕌌Rs
21,򕌌,21216,s,򕌌s
21,򕌌,21217,ˎs,򕌌ˎs
21,򕌌,21218,{s,򕌌{s
21,򕌌,21219,Ss,򕌌Ss
21,򕌌,21220,Cs,򕌌Cs
21,򕌌,21221,CÎs,򕌌CÎs
21,򕌌,21302,쒬,򕌌HS쒬
21,򕌌,21303,},򕌌HS}
21,򕌌,21341,{V,򕌌{VS{V
21,򕌌,21361,䒬,򕌌sjS䒬
21,򕌌,21362,փP,򕌌sjSփP
21,򕌌,21381,_˒,򕌌S_˒
21,򕌌,21382,֔V,򕌌S֔V
21,򕌌,21383,,򕌌S
21,򕌌,21401,K쒬,򕌌KSK쒬
21,򕌌,21403,쒬,򕌌KS쒬
21,򕌌,21404,rc,򕌌KSrc
21,򕌌,21421,k,򕌌{Sk
21,򕌌,21501,j,򕌌ΌSj
21,򕌌,21502,x,򕌌ΌSx
21,򕌌,21503,Ӓ,򕌌ΌSӒ
21,򕌌,21504,@,򕌌ΌS@
21,򕌌,21505,SÒ,򕌌ΌSSÒ
21,򕌌,21506,쒬,򕌌ΌS쒬
21,򕌌,21507,쑺,򕌌ΌS쑺
21,򕌌,21521,䐓,򕌌S䐓
21,򕌌,21604,쑺,򕌌S쑺
22,É,22101,,ÉÉs
22,É,22102,x͋,ÉÉsx͋
22,É,22103,,ÉÉs
22,É,22131,,Éls
22,É,22132,,Éls
22,É,22133,,Éls
22,É,22134,,Éls
22,É,22135,k,Élsk
22,É,22136,lk,Élslk
22,É,22137,V,ÉlsV
22,É,22203,Îs,ÉÎs
22,É,22205,MCs,ÉMCs
22,É,22206,Os,ÉOs
22,É,22207,xm{s,Éxm{s
22,É,22208,ɓs,Éɓs
22,É,22209,cs,Écs
22,É,22210,xms,Éxms
22,É,22211,֓cs,É֓cs
22,É,22212,ĒÎs,ÉĒÎs
22,É,22213,|s,É|s
22,É,22214,}s,É}s
22,É,22215,as,Éas
22,É,22216,܈s,É܈s
22,É,22219,cs,Écs
22,É,22220,s,És
22,É,22221,ΐs,Éΐs
22,É,22222,ɓs,Éɓs
22,É,22223,Os,ÉOs
22,É,22224,es,Ées
22,É,22225,ɓ̍s,Éɓ̍s
22,É,22226,qVs,ÉqVs
22,É,22301,ɓ,ÉΌSɓ
22,É,22302,͒Ò,ÉΌS͒Ò
22,É,22304,ɓ,ÉΌSɓ
22,É,22305,蒬,ÉΌS蒬
22,É,22306,ɓ,ÉΌSɓ
22,É,22325,쒬,ÉcS쒬
22,É,22341,,ÉxS
22,É,22342,,ÉxS
22,É,22344,R,ÉxSR
22,É,22424,gc,ÉYSgc
22,É,22429,썪{,ÉYS썪{
22,É,22461,X,ÉqSX
23,m,23101,,mÉs
23,m,23102,,mÉs
23,m,23103,k,mÉsk
23,m,23104,,mÉs
23,m,23105,,mÉs
23,m,23106,,mÉs
23,m,23107,a,mÉsa
23,m,23108,,mÉs
23,m,23109,Mc,mÉsMc
23,m,23110,,mÉs
23,m,23111,`,mÉs`
23,m,23112,,mÉs
23,m,23113,R,mÉsR
23,m,23114,΋,mÉs΋
23,m,23115,,mÉs
23,m,23116,V,mÉsV
23,m,23201,Ls,mLs
23,m,23202,s,ms
23,m,23203,{s,m{s
23,m,23204,ˎs,mˎs
23,m,23205,cs,mcs
23,m,23206,ts,mts
23,m,23207,Ls,mLs
23,m,23208,Ós,mÓs
23,m,23209,ɓs,mɓs
23,m,23210,Js,mJs
23,m,23211,Lcs,mLcs
23,m,23212,s,ms
23,m,23213,s,ms
23,m,23214,Ss,mSs
23,m,23215,Rs,mRs
23,m,23216,튊s,m튊s
23,m,23217,]s,m]s
23,m,23219,qs,mqs
23,m,23220,s,ms
23,m,23221,Vs,mVs
23,m,23222,Cs,mCs
23,m,23223,{s,m{s
23,m,23224,ms,mms
23,m,23225,ms,mms
23,m,23226,s,ms
23,m,23227,ls,mls
23,m,23228,qs,mqs
23,m,23229,Ls,mLs
23,m,23230,is,mis
23,m,23231,cs,mcs
23,m,23232,s,ms
23,m,23233,{s,m{s
23,m,23234,kÉs,mkÉs
23,m,23235,xs,mxs
23,m,23236,݂悵s,m݂悵s
23,m,23237,܎s,m܎s
23,m,23238,vs,mvs
23,m,23302,,mmS
23,m,23342,LR,mtSLR
23,m,23361,,mOHS
23,m,23362,}K,mOHS}K
23,m,23424,厡,mCS厡
23,m,23425,I],mCSI]
23,m,23427,򓇑,mCS򓇑
23,m,23441,v䒬,mmSv䒬
23,m,23442,Y,mmSY
23,m,23445,m,mmSm
23,m,23446,l,mmSl
23,m,23447,L,mmSL
23,m,23501,Kc,mzcSKc
23,m,23561,݊y,mk݊yS݊y
23,m,23562,h,mk݊ySh
23,m,23563,L,mk݊ySL
24,Od,24201,Îs,OdÎs
24,Od,24202,lss,Odlss
24,Od,24203,ɐs,Odɐs
24,Od,24204,s,Ods
24,Od,24205,Ks,OdKs
24,Od,24207,鎭s,Od鎭s
24,Od,24208,s,Ods
24,Od,24209,hs,Odhs
24,Od,24210,TRs,OdTRs
24,Od,24211,Hs,OdHs
24,Od,24212,Fs,OdFs
24,Od,24214,Ȃ׎s,OdȂ׎s
24,Od,24215,us,Odus
24,Od,24216,ɉs,Odɉs
24,Od,24303,ؑ],OdKSؑ]
24,Od,24324,,OdٌS
24,Od,24341,Ԗ쒬,OdOdSԖ쒬
24,Od,24343,,OdOdS
24,Od,24344,z,OdOdSz
24,Od,24441,C,OdCSC
24,Od,24442,a,OdCSa
24,Od,24443,䒬,OdCS䒬
24,Od,24461,ʏ钬,OdxSʏ钬
24,Od,24470,x,OdxSx
24,Od,24471,I,OdxSI
24,Od,24472,ɐ,OdxSɐ
24,Od,24543,Ik,OdkKSIk
24,Od,24561,l,Od어KSl
24,Od,24562,I,Od어KSI
25,ꌧ,25201,Îs,ꌧÎs
25,ꌧ,25202,Fs,ꌧFs
25,ꌧ,25203,ls,ꌧls
25,ꌧ,25204,ߍ]s,ꌧߍ]s
25,ꌧ,25206,Îs,ꌧÎs
25,ꌧ,25207,Rs,ꌧRs
25,ꌧ,25208,Is,ꌧIs
25,ꌧ,25209,bs,ꌧbs
25,ꌧ,25210,Fs,ꌧFs
25,ꌧ,25211,Γs,ꌧΓs
25,ꌧ,25212,s,ꌧs
25,ꌧ,25213,ߍ]s,ꌧߍ]s
25,ꌧ,25214,Čs,ꌧČs
25,ꌧ,25383,쒬,ꌧS쒬
25,ꌧ,25384,,ꌧS
25,ꌧ,25425,,ꌧmS
25,ꌧ,25441,L,ꌧSL
25,ꌧ,25442,bǒ,ꌧSbǒ
25,ꌧ,25443,꒬,ꌧS꒬
26,s{,26101,k,s{ssk
26,s{,26102,㋞,s{ss㋞
26,s{,26103,,s{ss
26,s{,26104,,s{ss
26,s{,26105,R,s{ssR
26,s{,26106,,s{ss
26,s{,26107,,s{ss
26,s{,26108,E,s{ssE
26,s{,26109,,s{ss
26,s{,26110,Rȋ,s{ssRȋ
26,s{,26111,,s{ss
26,s{,26201,mRs,s{mRs
26,s{,26202,ߎs,s{ߎs
26,s{,26203,s,s{s
26,s{,26204,Fs,s{Fs
26,s{,26205,{Îs,s{{Îs
26,s{,26206,Ts,s{Ts
26,s{,26207,zs,s{zs
26,s{,26208,s,s{s
26,s{,26209,s,s{s
26,s{,26210,s,s{s
26,s{,26211,cӎs,s{cӎs
26,s{,26212,Os,s{Os
26,s{,26213,Os,s{Os
26,s{,26214,ؒÐs,s{ؒÐs
26,s{,26303,R蒬,s{PSR蒬
26,s{,26322,vR,s{vSvR
26,s{,26343,蒬,s{ԊS蒬
26,s{,26344,Fc,s{ԊSFc
26,s{,26364,}u,s{yS}u
26,s{,26365,a,s{ySa
26,s{,26366,ؒ,s{ySؒ
26,s{,26367,R鑺,s{ySR鑺
26,s{,26407,Og,s{DSOg
26,s{,26463,ɍ,s{^ӌSɍ
26,s{,26465,^Ӗ쒬,s{^ӌS^Ӗ쒬
27,{,27102,s,{ss
27,{,27103,,{s
27,{,27104,ԋ,{sԋ
27,{,27106,,{s
27,{,27107,`,{s`
27,{,27108,吳,{s吳
27,{,27109,V,{sV
27,{,27111,Q,{sQ
27,{,27113,,{s
27,{,27114,,{s
27,{,27115,,{s
27,{,27116,,{s
27,{,27117,,{s
27,{,27118,铌,{s铌
27,{,27119,{,{s{
27,{,27120,Zg,{sZg
27,{,27121,Zg,{sZg
27,{,27122,,{s
27,{,27123,,{s
27,{,27124,ߌ,{sߌ
27,{,27125,ZV],{sZV]
27,{,27126,,{s
27,{,27127,k,{sk
27,{,27128,,{s
27,{,27141,,{s
27,{,27142,,{s
27,{,27143,,{s
27,{,27144,,{s
27,{,27145,,{s
27,{,27146,k,{sk
27,{,27147,,{s
27,{,27202,ݘacs,{ݘacs
27,{,27203,Ls,{Ls
27,{,27204,rcs,{rcs
27,{,27205,cs,{cs
27,{,27206,Îs,{Îs
27,{,27207,Ύs,{Ύs
27,{,27208,Lˎs,{Lˎs
27,{,27209,s,{s
27,{,27210,s,{s
27,{,27211,؎s,{؎s
27,{,27212,s,{s
27,{,27213,򍲖s,{򍲖s
27,{,27214,xcюs,{xcюs
27,{,27215,Qs,{Qs
27,{,27216,͓s,{͓s
27,{,27217,s,{s
27,{,27218,哌s,{哌s
27,{,27219,as,{as
27,{,27220,ʎs,{ʎs
27,{,27221,s,{s
27,{,27222,Hgs,{Hgs
27,{,27223,^s,{^s
27,{,27224,ےÎs,{ےÎs
27,{,27225,Ύs,{Ύs
27,{,27226,䎛s,{䎛s
27,{,27227,s,{s
27,{,27228,s,{s
27,{,27229,ls,{ls
27,{,27230,s,{s
27,{,27231,㋷Rs,{㋷Rs
27,{,27232,s,{s
27,{,27301,{,{OS{
27,{,27321,L\,{L\SL\
27,{,27322,\,{L\S\
27,{,27341,,{kS
27,{,27361,F撬,{SF撬
27,{,27362,cK,{ScK
27,{,27366,,{S
27,{,27381,q,{͓Sq
27,{,27382,͓쒬,{͓S͓쒬
27,{,27383,瑁ԍ㑺,{͓S瑁ԍ㑺
28,Ɍ,28101,,Ɍ_ˎs
28,Ɍ,28102,,Ɍ_ˎs
28,Ɍ,28105,ɋ,Ɍ_ˎsɋ
28,Ɍ,28106,c,Ɍ_ˎsc
28,Ɍ,28107,{,Ɍ_ˎs{
28,Ɍ,28108,,Ɍ_ˎs
28,Ɍ,28109,k,Ɍ_ˎsk
28,Ɍ,28110,,Ɍ_ˎs
28,Ɍ,28111,,Ɍ_ˎs
28,Ɍ,28201,PHs,ɌPHs
28,Ɍ,28202,s,Ɍs
28,Ɍ,28203,Ύs,ɌΎs
28,Ɍ,28204,{s,Ɍ{s
28,Ɍ,28205,F{s,ɌF{s
28,Ɍ,28206,s,Ɍs
28,Ɍ,28207,ɒOs,ɌɒOs
28,Ɍ,28208,s,Ɍs
28,Ɍ,28209,Ls,ɌLs
28,Ɍ,28210,Ðs,ɌÐs
28,Ɍ,28212,ԕs,Ɍԕs
28,Ɍ,28213,es,Ɍes
28,Ɍ,28214,ˎs,Ɍˎs
28,Ɍ,28215,O؎s,ɌO؎s
28,Ɍ,28216,s,Ɍs
28,Ɍ,28217,쐼s,Ɍ쐼s
28,Ɍ,28218,s,Ɍs
28,Ɍ,28219,Ocs,ɌOcs
28,Ɍ,28220,s,Ɍs
28,Ɍ,28221,OgRs,ɌOgRs
28,Ɍ,28222,{s,Ɍ{s
28,Ɍ,28223,Ogs,ɌOgs
28,Ɍ,28224,삠킶s,Ɍ삠킶s
28,Ɍ,28225,s,Ɍs
28,Ɍ,28226,WHs,ɌWHs
28,Ɍ,28227,s,Ɍs
28,Ɍ,28228,s,Ɍs
28,Ɍ,28229,̎s,Ɍ̎s
28,Ɍ,28301,쒬,ɌӌS쒬
28,Ɍ,28365,,ɌS
28,Ɍ,28381,,ɌÌS
28,Ɍ,28382,d,ɌÌSd
28,Ɍ,28442,s쒬,Ɍ_Ss쒬
28,Ɍ,28443,蒬,Ɍ_S蒬
28,Ɍ,28446,_͒,Ɍ_S_͒
28,Ɍ,28464,q,ɌKیSq
28,Ɍ,28481,S,ɌԕSS
28,Ɍ,28501,p,ɌpSp
28,Ɍ,28585,,ɌS
28,Ɍ,28586,V,ɌSV
29,ޗǌ,29201,ޗǎs,ޗǌޗǎs
29,ޗǌ,29202,acs,ޗǌacs
29,ޗǌ,29203,aSRs,ޗǌaSRs
29,ޗǌ,29204,Vs,ޗǌVs
29,ޗǌ,29205,s,ޗǌs
29,ޗǌ,29206,s,ޗǌs
29,ޗǌ,29207,ܞs,ޗǌܞs
29,ޗǌ,29208,䏊s,ޗǌ䏊s
29,ޗǌ,29209,s,ޗǌs
29,ޗǌ,29210,Ŏs,ޗǌŎs
29,ޗǌ,29211,s,ޗǌs
29,ޗǌ,29212,FɎs,ޗǌFɎs
29,ޗǌ,29322,RY,ޗǌRӌSRY
29,ޗǌ,29342,Q,ޗǌSQ
29,ޗǌ,29343,O,ޗǌSO
29,ޗǌ,29344,,ޗǌS
29,ޗǌ,29345,g,ޗǌSg
29,ޗǌ,29361,쐼,ޗǌS쐼
29,ޗǌ,29362,O,ޗǌSO
29,ޗǌ,29363,c{,ޗǌSc{
29,ޗǌ,29385,],ޗǌFɌS]
29,ޗǌ,29386,,ޗǌFɌS
29,ޗǌ,29401,撬,ޗǌsS撬
29,ޗǌ,29402,,ޗǌsS
29,ޗǌ,29424,q,ޗǌkSq
29,ޗǌ,29425,,ޗǌkS
29,ޗǌ,29426,L˒,ޗǌkSL˒
29,ޗǌ,29427,͍,ޗǌkS͍
29,ޗǌ,29441,g쒬,ޗǌgSg쒬
29,ޗǌ,29442,嗄,ޗǌgS嗄
29,ޗǌ,29443,s,ޗǌgSs
29,ޗǌ,29444,ꑺ,ޗǌgSꑺ
29,ޗǌ,29446,V쑺,ޗǌgSV쑺
29,ޗǌ,29447,씗쑺,ޗǌgS씗쑺
29,ޗǌ,29449,\Ð쑺,ޗǌgS\Ð쑺
29,ޗǌ,29450,kR,ޗǌgSkR
29,ޗǌ,29451,kR,ޗǌgSkR
29,ޗǌ,29452,㑺,ޗǌgS㑺
29,ޗǌ,29453,g쑺,ޗǌgSg쑺
30,a̎R,30201,a̎Rs,a̎Ra̎Rs
30,a̎R,30202,Cs,a̎RCs
30,a̎R,30203,{s,a̎R{s
30,a̎R,30204,Lcs,a̎RLcs
30,a̎R,30205,Vs,a̎RVs
30,a̎R,30206,cӎs,a̎Rcӎs
30,a̎R,30207,V{s,a̎RV{s
30,a̎R,30208,I̐s,a̎RI̐s
30,a̎R,30209,os,a̎Ros
30,a̎R,30304,I쒬,a̎RCSI쒬
30,a̎R,30341,炬,a̎RɓsS炬
30,a̎R,30343,xR,a̎RɓsSxR
30,a̎R,30344,쒬,a̎RɓsS쒬
30,a̎R,30361,,a̎RLcS
30,a̎R,30362,L쒬,a̎RLcSL쒬
30,a̎R,30366,Lc쒬,a̎RLcSLc쒬
30,a̎R,30381,l,a̎RSl
30,a̎R,30382,,a̎RS
30,a̎R,30383,Rǒ,a̎RSRǒ
30,a̎R,30390,쒬,a̎RS쒬
30,a̎R,30391,݂Ȃג,a̎RS݂Ȃג
30,a̎R,30392,쒬,a̎RS쒬
30,a̎R,30401,l,a̎RKSl
30,a̎R,30404,xc,a̎RKSxc
30,a̎R,30406,ݒ,a̎RKSݒ
30,a̎R,30421,ߒqY,a̎RKSߒqY
30,a̎R,30422,n,a̎RKSn
30,a̎R,30424,Í쒬,a̎RKSÍ쒬
30,a̎R,30427,kR,a̎RKSkR
30,a̎R,30428,{,a̎RKS{
31,挧,31201,s,挧s
31,挧,31202,Ďqs,挧Ďqs
31,挧,31203,qgs,挧qgs
31,挧,31204,`s,挧`s
31,挧,31302,,挧S
31,挧,31325,,挧S
31,挧,31328,q,挧Sq
31,挧,31329,,挧S
31,挧,31364,O,挧SO
31,挧,31370,l,挧Sl
31,挧,31371,ՉY,挧SՉY
31,挧,31372,kh,挧Skh
31,挧,31384,gÑ,挧SgÑ
31,挧,31386,R,挧SR
31,挧,31389,암,挧S암
31,挧,31390,˒,挧S˒
31,挧,31401,쒬,挧S쒬
31,挧,31402,쒬,挧S쒬
31,挧,31403,]{,挧S]{
32,,32201,]s,]s
32,,32202,lcs,lcs
32,,32203,o_s,o_s
32,,32204,vcs,vcs
32,,32205,cs,cs
32,,32206,s,s
32,,32207,]Îs,]Îs
32,,32209,_s,_s
32,,32343,o_,mSo_
32,,32386,ѓ쒬,ѐΌSѓ쒬
32,,32441,{,WqS{
32,,32448,,WqS
32,,32449,W쒬,WqSW쒬
32,,32501,Øa쒬,SØa쒬
32,,32505,g꒬,Sg꒬
32,,32525,Cm,BSCm
32,,32526,m,BSm
32,,32527,mv,BSmv
32,,32528,B̓,BSB̓
33,R,33101,k,RRsk
33,R,33102,,RRs
33,R,33103,,RRs
33,R,33104,,RRs
33,R,33202,q~s,Rq~s
33,R,33203,ÎRs,RÎRs
33,R,33204,ʖs,Rʖs
33,R,33205,}s,R}s
33,R,33207,䌴s,R䌴s
33,R,33208,Ўs,RЎs
33,R,33209,s,Rs
33,R,33210,Vs,RVs
33,R,33211,Os,ROs
33,R,33212,˓s,R˓s
33,R,33213,Ԕ֎s,RԔ֎s
33,R,33214,^s,R^s
33,R,33215,s,Rs
33,R,33216,s,Rs
33,R,33346,aC,RaCSaC
33,R,33423,,RsES
33,R,33445,,RS
33,R,33461,|,RcS|
33,R,33586,V,R^SV
33,R,33606,쒬,RϓcS쒬
33,R,33622,,RcS
33,R,33623,ދ`,RcSދ`
33,R,33643,q,RpcSq
33,R,33663,vē쒬,RvČSvē쒬
33,R,33666,璬,RvČS璬
33,R,33681,g,RSg
34,L,34101,,LLs
34,L,34102,,LLs
34,L,34103,,LLs
34,L,34104,,LLs
34,L,34105,,LLs
34,L,34106,k,LLsk
34,L,34107,|,LLs|
34,L,34108,,LLs
34,L,34202,s,Ls
34,L,34203,|s,L|s
34,L,34204,Os,LOs
34,L,34205,s,Ls
34,L,34207,Rs,LRs
34,L,34208,{s,L{s
34,L,34209,Os,LOs
34,L,34210,s,Ls
34,L,34211,|s,L|s
34,L,34212,Ls,LLs
34,L,34213,ss,Lss
34,L,34214,|cs,L|cs
34,L,34215,]cs,L]cs
34,L,34302,{,L|S{
34,L,34304,Cc,L|SCc
34,L,34307,F쒬,L|SF쒬
34,L,34309,⒬,L|S⒬
34,L,34368,|c,LRS|c
34,L,34369,kL,LRSkL
34,L,34431,㓇,LLcS㓇
34,L,34462,,LS
34,L,34545,_΍,L_ΌS_΍
35,R,35201,֎s,R֎s
35,R,35202,Fs,RFs
35,R,35203,Rs,RRs
35,R,35204,s,Rs
35,R,35206,h{s,Rh{s
35,R,35207,s,Rs
35,R,35208,⍑s,R⍑s
35,R,35210,s,Rs
35,R,35211,s,Rs
35,R,35212,s,Rs
35,R,35213,Is,RIs
35,R,35215,s,Rs
35,R,35216,Rzcs,RRzcs
35,R,35305,h哇,R哇Sh哇
35,R,35321,aؒ,RόSaؒ
35,R,35341,֒,RFьS֒
35,R,35343,cz{,RFьScz{
35,R,35344,,RFьS
35,R,35502,,RS
36,,36201,s,s
36,,36202,s,s
36,,36203,s,s
36,,36204,s,s
36,,36205,gs,gs
36,,36206,gs,gs
36,,36207,ns,ns
36,,36208,ODs,ODs
36,,36301,Y,YSY
36,,36302,㏟,YS㏟
36,,36321,߉͓,S߉͓
36,,36341,Έ䒬,SΈ䒬
36,,36342,_R,S_R
36,,36368,߉꒬,߉S߉꒬
36,,36383,,CS
36,,36387,g,CSg
36,,36388,Cz,CSCz
36,,36401,Β,SΒ
36,,36402,k,Sk
36,,36403,Z,SZ
36,,36404,쒬,S쒬
36,,36405,,S
36,,36468,邬,nS邬
36,,36489,݂悵,ODS݂悵
37,쌧,37201,s,쌧s
37,쌧,37202,ۋTs,쌧ۋTs
37,쌧,37203,os,쌧os
37,쌧,37204,Pʎs,쌧Pʎs
37,쌧,37205,ωs,쌧ωs
37,쌧,37206,ʂs,쌧ʂs
37,쌧,37207,s,쌧s
37,쌧,37208,OLs,쌧OLs
37,쌧,37322,y,쌧Sy
37,쌧,37324,,쌧S
37,쌧,37341,Oؒ,쌧ؓcSOؒ
37,쌧,37364,,쌧S
37,쌧,37386,FÒ,쌧̌SFÒ
37,쌧,37387,쒬,쌧̌S쒬
37,쌧,37403,Օ,쌧xSՕ
37,쌧,37404,xÒ,쌧xSxÒ
37,쌧,37406,܂̂,쌧xS܂̂
38,Q,38201,Rs,QRs
38,Q,38202,s,Qs
38,Q,38203,Fas,QFas
38,Q,38204,ls,Qls
38,Q,38205,Vls,QVls
38,Q,38206,s,Qs
38,Q,38207,Fs,QFs
38,Q,38210,ɗ\s,Qɗ\s
38,Q,38213,ls,Qls
38,Q,38214,\s,Q\s
38,Q,38215,s,Qs
38,Q,38356,㓇,QzqS㓇
38,Q,38386,v,Q㕂Sv
38,Q,38401,O,Qɗ\SO
38,Q,38402,u,Qɗ\Su
38,Q,38422,q,Q쑽Sq
38,Q,38442,ɕ,QFaSɕ
38,Q,38484,쒬,QkFaS쒬
38,Q,38488,Sk,QkFaSSk
38,Q,38506,쒬,QFaS쒬
39,m,39201,ms,mms
39,m,39202,ˎs,mˎs
39,m,39203,|s,m|s
39,m,39204,썑s,m썑s
39,m,39205,ys,mys
39,m,39206,{s,m{s
39,m,39208,hюs,mhюs
39,m,39209,ys,mys
39,m,39210,l\s,ml\s
39,m,39211,s,ms
39,m,39212,s,ms
39,m,39301,m,m|Sm
39,m,39302,ޔ,m|Sޔ
39,m,39303,c쒬,m|Sc쒬
39,m,39304,c,m|Sc
39,m,39305,k쑺,m|Sk쑺
39,m,39306,nH,m|SnH
39,m,39307,|,m|S|
39,m,39341,{R,mS{R
39,m,39344,L,mSL
39,m,39363,y,mySy
39,m,39364,쑺,myS쑺
39,m,39386,̒,mS̒
39,m,39387,m쒬,mSm쒬
39,m,39401,y,mSy
39,m,39402,쒬,mS쒬
39,m,39403,zm,mSzm
39,m,39405,,mS
39,m,39410,,mS
39,m,39411,Ö쒬,mSÖ쒬
39,m,39412,l\,mSl\
39,m,39424,匎,mS匎
39,m,39427,O,mSO
39,m,39428,,mS
40,,40101,i,kBsi
40,,40103,ᏼ,kBsᏼ
40,,40105,˔,kBs˔
40,,40106,qk,kBsqk
40,,40107,q,kBsq
40,,40108,,kBs
40,,40109,,kBs
40,,40131,,s
40,,40132,,s
40,,40133,,s
40,,40134,,s
40,,40135,,s
40,,40136,,s
40,,40137,ǋ,sǋ
40,,40202,喴cs,喴cs
40,,40203,vĎs,vĎs
40,,40204,s,s
40,,40205,ђˎs,ђˎs
40,,40206,cs,cs
40,,40207,s,s
40,,40210,s,s
40,,40211,}s,}s
40,,40212,s,s
40,,40213,ss,ss
40,,40214,LOs,LOs
40,,40215,Ԏs,Ԏs
40,,40216,Ss,Ss
40,,40217,}s,}s
40,,40218,ts,ts
40,,40219,s,s
40,,40220,@s,@s
40,,40221,ɕ{s,ɕ{s
40,,40223,És,És
40,,40224,Îs,Îs
40,,40225,͎s,͎s
40,,40226,{s,{s
40,,40227,Ös,Ös
40,,40228,qs,qs
40,,40229,݂܎s,݂܎s
40,,40230,s,s
40,,40231,߉ϐs,߉ϐs
40,,40305,߉ϐ쒬,}S߉ϐ쒬
40,,40341,F,SF
40,,40342,I,SI
40,,40343,uƒ,Suƒ
40,,40344,{,S{
40,,40345,V{,SV{
40,,40348,vR,SvR
40,,40349,,S
40,,40381,,S
40,,40382,,S
40,,40383,_,S_
40,,40384,꒬,S꒬
40,,40401,|,ƎS|
40,,40402,Ǝ蒬,ƎSƎ蒬
40,,40421,j쒬,ÕSj쒬
40,,40447,}O,qS}O
40,,40448,,qS
40,,40503,品,OS品
40,,40522,ؒ,OkSؒ
40,,40544,L쒬,SL쒬
40,,40601,t,cSt
40,,40602,Yc,cSYc
40,,40604,c,cSc
40,,40605,蒬,cS蒬
40,,40608,C,cSC
40,,40609,ԑ,cSԑ
40,,40610,q,cSq
40,,40621,c,sSc
40,,40625,݂₱,sS݂₱
40,,40642,gx,zSgx
40,,40646,ђ,zSђ
40,,40647,z㒬,zSz㒬
41,ꌧ,41201,s,ꌧs
41,ꌧ,41202,Îs,ꌧÎs
41,ꌧ,41203,s,ꌧs
41,ꌧ,41204,vs,ꌧvs
41,ꌧ,41205,ɖs,ꌧɖs
41,ꌧ,41206,Ys,ꌧYs
41,ꌧ,41207,s,ꌧs
41,ꌧ,41208,s,ꌧs
41,ꌧ,41209,s,ꌧs
41,ꌧ,41210,_s,ꌧ_s
41,ꌧ,41327,g샖,ꌧ_Sg샖
41,ꌧ,41341,R,ꌧO{SR
41,ꌧ,41345,,ꌧO{S
41,ꌧ,41346,݂₫,ꌧO{S݂₫
41,ꌧ,41387,C,ꌧYSC
41,ꌧ,41401,Lc,ꌧYSLc
41,ꌧ,41423,咬,ꌧnS咬
41,ꌧ,41424,]k,ꌧnS]k
41,ꌧ,41425,Β,ꌧnSΒ
41,ꌧ,41441,ǒ,ꌧÌSǒ
42,茧,42201,s,茧s
42,茧,42202,ێs,茧ێs
42,茧,42203,s,茧s
42,茧,42204,|s,茧|s
42,茧,42205,呺s,茧呺s
42,茧,42207,ˎs,茧ˎs
42,茧,42208,Ys,茧Ys
42,茧,42209,Δns,茧Δns
42,茧,42210,s,茧s
42,茧,42211,ܓs,茧ܓs
42,茧,42212,Cs,茧Cs
42,茧,42213,_s,茧_s
42,茧,42214,쓇s,茧쓇s
42,茧,42307,^,茧ދnS^
42,茧,42308,Ò,茧ދnSÒ
42,茧,42321,ދn,茧ދnSދn
42,茧,42322,I,茧ދnSI
42,茧,42323,g,茧ދnSg
42,茧,42383,l꒬,茧kYSl꒬
42,茧,42391,X,茧kYSX
42,茧,42411,Vܓ,茧쏼YSVܓ
43,F{,43101,,F{F{s
43,F{,43102,,F{F{s
43,F{,43103,,F{F{s
43,F{,43104,,F{F{s
43,F{,43105,k,F{F{sk
43,F{,43202,s,F{s
43,F{,43203,lgs,F{lgs
43,F{,43204,rs,F{rs
43,F{,43205,s,F{s
43,F{,43206,ʖs,F{ʖs
43,F{,43208,Rs,F{Rs
43,F{,43210,ers,F{ers
43,F{,43211,Fys,F{Fys
43,F{,43212,Vs,F{Vs
43,F{,43213,Fs,F{Fs
43,F{,43214,hs,F{hs
43,F{,43215,Vs,F{Vs
43,F{,43216,us,F{us
43,F{,43348,,F{vS
43,F{,43364,ʓ,F{ʖSʓ
43,F{,43367,֒,F{ʖS֒
43,F{,43368,F,F{ʖSF
43,F{,43369,a,F{ʖSa
43,F{,43403,Ò,F{erSÒ
43,F{,43404,ez,F{erSez
43,F{,43423,쏬,F{hS쏬
43,F{,43424,,F{hS
43,F{,43425,YR,F{hSYR
43,F{,43428,X,F{hSX
43,F{,43432,,F{hS
43,F{,43433,숢h,F{hS숢h
43,F{,43441,D,F{vSD
43,F{,43442,Ó,F{vSÓ
43,F{,43443,v钬,F{vSv钬
43,F{,43444,b,F{vSb
43,F{,43447,Rs,F{vSRs
43,F{,43468,X쒬,F{SX쒬
43,F{,43482,k,F{kSk
43,F{,43484,Óޖؒ,F{kSÓޖؒ
43,F{,43501,ђ,F{Sђ
43,F{,43505,ǖؒ,F{Sǖؒ
43,F{,43506,O,F{SO
43,F{,43507,㑺,F{S㑺
43,F{,43510,Ǒ,F{SǑ
43,F{,43511,ܖؑ,F{Sܖؑ
43,F{,43512,R],F{SR]
43,F{,43513,,F{S
43,F{,43514,蒬,F{S蒬
43,F{,43531,k,F{VSk
44,啪,44201,啪s,啪啪s
44,啪,44202,ʕ{s,啪ʕ{s
44,啪,44203,Îs,啪Îs
44,啪,44204,cs,啪cs
44,啪,44205,s,啪s
44,啪,44206,Pns,啪Pns
44,啪,44207,Ëvs,啪Ëvs
44,啪,44208,|cs,啪|cs
44,啪,44209,L㍂cs,啪L㍂cs
44,啪,44210,nzs,啪nzs
44,啪,44211,Fs,啪Fs
44,啪,44212,Ls,啪Ls
44,啪,44213,Rzs,啪Rzs
44,啪,44214,s,啪s
44,啪,44322,P,啪SP
44,啪,44341,o,啪So
44,啪,44461,d,啪Sd
44,啪,44462,쒬,啪S쒬
45,{茧,45201,{s,{茧{s
45,{茧,45202,ss,{茧ss
45,{茧,45203,s,{茧s
45,{茧,45204,s,{茧s
45,{茧,45205,юs,{茧юs
45,{茧,45206,s,{茧s
45,{茧,45207,Ԏs,{茧Ԏs
45,{茧,45208,ss,{茧ss
45,{茧,45209,т̎s,{茧т̎s
45,{茧,45341,OҒ,{茧kSOҒ
45,{茧,45361,,{茧S
45,{茧,45382,x,{茧Sx
45,{茧,45383,,{茧S
45,{茧,45401,璬,{茧S璬
45,{茧,45402,Vx,{茧SVx
45,{茧,45403,ėǑ,{茧SėǑ
45,{茧,45404,؏钬,{茧S؏钬
45,{茧,45405,쒬,{茧S쒬
45,{茧,45406,s_,{茧Ss_
45,{茧,45421,쒬,{茧PnS쒬
45,{茧,45429,ˑ,{茧PnSˑ
45,{茧,45430,ŗt,{茧PnSŗt
45,{茧,45431,,{茧PnS
45,{茧,45441,䒬,{茧PnS䒬
45,{茧,45442,Ve,{茧PnSVe
45,{茧,45443,܃,{茧PnS܃
46,,46201,s,s
46,,46203,s,s
46,,46204,s,s
46,,46206,vs,vs
46,,46208,os,os
46,,46210,whs,whs
46,,46213,V\s,V\s
46,,46214,s,s
46,,46215,Fs,Fs
46,,46216,us,us
46,,46217,]s,]s
46,,46218,s,s
46,,46219,ؖs,ؖs
46,,46220,삳܎s,삳܎s
46,,46221,uzus,uzus
46,,46222,s,s
46,,46223,Bs,Bs
46,,46224,ɍs,ɍs
46,,46225,ǎs,ǎs
46,,46303,O,SO
46,,46304,\,S\
46,,46392,ܒ,FSܒ
46,,46404,,oS
46,,46452,N,ǌSN
46,,46468,蒬,]S蒬
46,,46482,ǒ,̑Sǒ
46,,46490,э],̑Sэ]
46,,46491,,̑S
46,,46492,̕t,̑S̕t
46,,46501,q,FьSq
46,,46502,q,FьSq
46,,46505,v,FьSv
46,,46523,a,哇Sa
46,,46524,F,哇SF
46,,46525,˓,哇S˓
46,,46527,,哇S
46,,46529,E,哇SE
46,,46530,V,哇SV
46,,46531,V钬,哇SV钬
46,,46532,ɐ咬,哇Sɐ咬
46,,46533,a,哇Sa
46,,46534,m,哇Sm
46,,46535,^_,哇S^_
47,ꌧ,47201,ߔes,ꌧߔes
47,ꌧ,47205,Xps,ꌧXps
47,ꌧ,47207,Ί_s,ꌧΊ_s
47,ꌧ,47208,YYs,ꌧYYs
47,ꌧ,47209,s,ꌧs
47,ꌧ,47210,s,ꌧs
47,ꌧ,47211,s,ꌧs
47,ꌧ,47212,Ls,ꌧLs
47,ꌧ,47213,܎s,ꌧ܎s
47,ꌧ,47214,{Ós,ꌧ{Ós
47,ꌧ,47215,s,ꌧs
47,ꌧ,47301,,ꌧS
47,ꌧ,47302,X,ꌧSX
47,ꌧ,47303,,ꌧS
47,ꌧ,47306,Am,ꌧSAm
47,ꌧ,47308,{,ꌧS{
47,ꌧ,47311,[,ꌧS[
47,ꌧ,47313,X,ꌧSX
47,ꌧ,47314,,ꌧS
47,ꌧ,47315,ɍ],ꌧSɍ]
47,ꌧ,47324,ǒJ,ꌧSǒJ
47,ꌧ,47325,Î[,ꌧSÎ[
47,ꌧ,47326,kJ,ꌧSkJ
47,ꌧ,47327,k鑺,ꌧSk鑺
47,ꌧ,47328,鑺,ꌧS鑺
47,ꌧ,47329,,ꌧS
47,ꌧ,47348,^ߌ,ꌧKS^ߌ
47,ꌧ,47350,앗,ꌧKS앗
47,ꌧ,47353,nÕ~,ꌧKSnÕ~
47,ꌧ,47354,Ԗ,ꌧKSԖ
47,ꌧ,47355,,ꌧKS
47,ꌧ,47356,n쑺,ꌧKSn쑺
47,ꌧ,47357,哌,ꌧKS哌
47,ꌧ,47358,k哌,ꌧKSk哌
47,ꌧ,47359,ɕ,ꌧKSɕ
47,ꌧ,47360,ɐ,ꌧKSɐ
47,ꌧ,47361,vē,ꌧKSvē
47,ꌧ,47362,d,ꌧKSd
47,ꌧ,47375,Ǌԑ,ꌧ{ÌSǊԑ
47,ꌧ,47381,|x,ꌧdRS|x
47,ꌧ,47382,^ߍ,ꌧdRS^ߍ
